name,age,gender,height,weight,country,email
Echo,59,F,115,,Bosnia and Herzegovina,non.magna@Suspendissecommodo.net
Addison,57,F,101,108,Paraguay,penatibus.et@estNunc.com
MacKensie,68,F,141,294,Germany,primis.in.faucibus@maurisaliquam.co.uk
Kelsey,77,F,97,190,Serbia,amet.luctus.vulputate@Sed.edu
Anika,46,F,144,168,Greece,Donec@justoeu.net
Kieran,25,M,104,289,Georgia,Phasellus@facilisiSedneque.net
Ursa,64,M,63,255,Saint Lucia,dis@lobortistellusjusto.net
Burke,78,M,116,132,Vanuatu,natoque.penatibus.et@Mauriseuturpis.com
Aaron,8,M,87,51,Cuba,elit.pretium@netuset.com
Malik,5,M,72,247,Vanuatu,adipiscing.ligula.Aenean@ridiculusmusProin.ca
Amber,69,F,78,254,Micronesia,ornare.libero.at@Curabitur.edu
Murphy,58,M,81,106,Finland,euismod.enim@Duiscursus.edu
Ahmed,13,M,192,212,Greece,penatibus.et@Phasellus.edu
Anjolie,23,M,177,284,Spain,purus.Duis@atauctor.net
Prescott,78,M,188,219,United Arab Emirates,ut.pellentesque@diam.co.uk
Kibo,21,F,111,151,Swaziland,adipiscing.ligula.Aenean@ipsum.org
Graiden,64,M,129,168,French Guiana,dis@magnis.co.uk
Zahir,93,M,115,295,Saint Lucia,lectus.justo@et.ca
Macy,100,F,157,212,Timor-Leste,ornare.lectus@auctorMaurisvel.com
Jermaine,58,F,149,291,Malta,vel.turpis.Aliquam@eget.net
Sara,84,F,163,288,Uganda,tortor@auctornon.ca
Quail,31,M,97,108,Netherlands,ac.risus@purusNullamscelerisque.net
Kadeem,91,M,50,246,Saudi Arabia,elit@vitae.edu
Jasmine,9,F,67,261,Slovakia,Quisque.nonummy.ipsum@massa.ca
Jeanette,95,F,55,108,Norway,risus@euneque.org
Brennan,91,M,189,294,Sao Tome and Principe,sapien.Aenean@leoCrasvehicula.net
Julian,72,M,191,229,Morocco,urna.suscipit.nonummy@nisisemsemper.co.uk
Maryam,18,F,195,268,Cambodia,ultrices@purusDuiselementum.com
Joshua,83,M,181,268,Swaziland,nonummy@urnaet.edu
Lillian,23,F,174,267,Albania,Aliquam@lectus.org
Maxwell,78,M,142,207,Sweden,enim@parturient.com
Indira,41,F,85,162,Chile,eget.laoreet.posuere@nibhenim.ca
Xena,94,F,100,201,Portugal,pretium.neque@sagittis.edu
Edward,74,M,101,132,United States Minor Outlying Islands,orci.consectetuer.euismod@enimsitamet.edu
Blake,54,M,109,241,Senegal,Ut.semper.pretium@risus.net
Leo,28,M,111,,Antigua and Barbuda,blandit@rutrumurna.com
Clarke,89,M,128,108,British Indian Ocean Territory,vel.lectus.Cum@Sedpharetrafelis.net
Florence,80,F,109,253,New Zealand,tristique.pharetra.Quisque@lobortis.edu
Fallon,47,M,54,78,Holy See (Vatican City State),cursus.luctus@arcuvelquam.org
Madonna,67,F,183,141,Samoa,auctor.ullamcorper.nisl@mauris.org
Shannon,67,F,176,143,Macedonia,et@felis.ca
Sybil,38,F,57,128,Canada,et.magnis@eleifendnuncrisus.edu
Xandra,36,F,77,235,Hungary,dui.in.sodales@eu.ca
Robert,51,M,102,235,Ghana,fermentum@Nunc.ca
Linda,46,F,158,254,Colombia,enim@massa.net
Griffith,24,M,76,152,Turkey,sed.libero@amalesuada.ca
Colton,53,M,139,215,Marshall Islands,magna.Suspendisse.tristique@sitametnulla.org
Jeremy,9,M,125,115,Guam,aliquet.Proin@adlitora.ca
Ila,85,F,134,130,Turkey,ipsum@Donecporttitor.net
Norman,60,M,100,93,Bolivia,sem@ornare.net
Benjamin,34,M,143,152,Nicaragua,justo@pellentesqueSeddictum.org
Leah,48,F,62,277,Cuba,nonummy.Fusce@vel.org
Regina,36,F,167,249,Portugal,non@dolorDonec.co.uk
David,75,M,172,187,Niue,neque@egestas.ca
Yvette,11,F,158,143,Guatemala,adipiscing@neceleifend.net
Nash,37,M,180,61,Saint Pierre and Miquelon,Etiam.laoreet.libero@asollicitudin.edu
Colt,74,M,104,269,Norway,mauris.Integer.sem@consequatlectussit.net
Rae,91,F,169,285,"Bonaire, Sint Eustatius and Saba",amet.luctus@nonummy.co.uk
Maris,57,F,68,206,Uzbekistan,est.ac.facilisis@loremvitaeodio.edu
Ursa,68,F,131,207,Japan,eget.metus.eu@magna.edu
Amber,15,F,129,135,Macedonia,mollis@nuncInat.edu
Jackson,46,M,59,124,Liberia,Quisque.fringilla.euismod@erosNam.net
Dylan,86,M,109,217,Christmas Island,purus.sapien@a.co.uk
Merrill,11,F,108,130,Luxembourg,eu.accumsan@tacitisociosquad.ca
Zenia,68,F,153,269,Iceland,vehicula.aliquet.libero@velitSed.edu
Perry,39,M,125,123,New Caledonia,molestie@orcitinciduntadipiscing.edu
Alfonso,14,M,180,171,United Kingdom (Great Britain),egestas@sollicitudina.ca
Alexander,36,M,156,200,Philippines,scelerisque.neque.sed@ultriciessemmagna.co.uk
Carl,92,M,63,269,Bouvet Island,quis.lectus@Quisque.ca
Jeremy,48,M,159,276,Kazakhstan,gravida.Aliquam@malesuadaut.co.uk
Lavinia,54,F,192,120,Christmas Island,dapibus.ligula.Aliquam@sodalesMauris.ca
Raja,13,M,127,143,Marshall Islands,eu@convallisdolor.org
Macaulay,61,M,144,123,Spain,velit@ametfaucibus.co.uk
Hayfa,48,F,159,288,Togo,Fusce@sitametfaucibus.com
Melissa,18,M,157,98,Cameroon,nisi@risus.edu
Tyler,13,M,95,244,India,Morbi.vehicula.Pellentesque@Nullaeu.net
Cyrus,51,M,165,135,Hungary,amet.nulla@et.org
Amir,65,M,130,265,Falkland Islands,faucibus.leo@Nullamlobortisquam.ca
Stella,22,F,128,172,Luxembourg,Proin.non.massa@mauris.com
Cain,20,M,152,149,New Caledonia,vulputate.mauris@estmaurisrhoncus.com
Ebony,44,F,106,229,Anguilla,feugiat.nec.diam@perinceptos.edu
Cathleen,62,F,61,136,Iceland,Nam.ligula@enimSednulla.org
Victoria,91,F,124,86,Falkland Islands,cursus.luctus@sociisnatoque.ca
Darrel,20,M,93,133,Lebanon,vel.arcu.Curabitur@sempertellusid.net
Cailin,90,M,171,183,Honduras,luctus.et.ultrices@ategestasa.co.uk
Emerson,61,M,164,291,Chile,malesuada@convallisligulaDonec.org
Inga,7,F,129,137,Saint Kitts and Nevis,elit.Nulla@disparturientmontes.ca
Grant,98,M,197,185,Dominica,lorem.eget.mollis@Quisqueimperdieterat.com
Wesley,70,M,101,150,Sierra Leone,magnis.dis.parturient@famesac.edu
Genevieve,32,F,170,147,Denmark,nisl@lacinia.net
Hop,57,M,89,72,Greenland,gravida.non@miAliquam.net
Jana,15,F,87,102,Cambodia,et.rutrum@vehicula.edu
Ulysses,35,M,156,148,Iceland,fermentum.risus@convallis.net
Charlotte,88,F,127,218,Honduras,elementum.purus@nonummyFusce.com
Amal,32,M,176,278,Netherlands,cursus.Integer.mollis@odioa.com
Raphael,78,M,134,126,Tuvalu,turpis@Integeridmagna.net
Leo,85,M,142,243,Somalia,cursus.in.hendrerit@Quisqueliberolacus.ca
Martha,62,F,93,227,Iceland,tristique@etrutrum.org
Cade,84,M,199,255,Afghanistan,ultricies.sem.magna@ametultricies.edu
Hasad,95,M,75,265,Serbia,Nam.ligula.elit@Vestibulum.edu